0,Norm of the North: King Sized Adventure,Alan Marriott,90
1,Norm of the North: King Sized Adventure, Andrew Toth,
2,Norm of the North: King Sized Adventure, Brian Dobson,
3,Norm of the North: King Sized Adventure, Cole Howard,
4,Norm of the North: King Sized Adventure, Jennifer Cameron,
5,Norm of the North: King Sized Adventure, Jonathan Holmes,
6,Norm of the North: King Sized Adventure, Lee Tockar,
7,Norm of the North: King Sized Adventure, Lisa Durupt,
8,Norm of the North: King Sized Adventure, Maya Kay,
9,Norm of the North: King Sized Adventure, Michael Dobson,
